tumedeiros27,tu medeiros,TRUE
sixtylord,,TRUE
lashbar.xox,Lashes By Natasha âœ¨,TRUE
wallie5258,Justin Wall,TRUE
virendra_gadhavi_0405,Virendra Gadhavi,TRUE
quan_cathy,Cathy Vi Quan,TRUE
sseop_sseop,,TRUE
andrewgilsonlifts,,TRUE
tianna.weymouth_ifbbpro,Tianna Weymouth | YOUNGEST IFBB BIKINI PRO ğŸŒ,TRUE
naibeautii,NAIBEAUTI. | Waterloo Lash Extensions,TRUE
skullkrusher_coaching_joey.t,Joe Douglas,TRUE
vp_nofcuksgiven,Vishwas,TRUE
marshallslifts,marshallslifts,TRUE
sagefoto_,Sage Foto Studio,TRUE
emmettcars,Emmett Wilson,TRUE
oceangale,Ocean G. Child,TRUE
too.hot.tocandle_,Too Hot To Candle,TRUE
divaloungelashes_,Waterloo Lash Extensions ğŸ“,TRUE
pikacodes,Alejandra Thomas,TRUE
bitchimbudgeting,Selma â€¢ Your Favorite Money Girl,TRUE
andrewcadima,Andrew Cadima,TRUE
veldmusicfestival,Veld Music Festival,TRUE
mirayatech,Miraya Tech,TRUE
_william.foy_,William Foy,TRUE
progressbar_,Progress Bar 2024,TRUE
catalanoevents,Catalano Events,TRUE
azealiabanksforever,Azealia Banks,TRUE
horu_du,ğŸ‡°ğŸ‡·Sphynx cat í˜¸ë‘ ë§ˆë£¨ ìë‘,TRUE
paulsaladinomd,"Paul Saladino, MD",TRUE
itsmarycoleman,Mary Coleman,TRUE
lawmotherco,Pamela Maass â€œLaw Motherâ€ | Lawyer  + Author,TRUE
vegantechnomad,Jennifer | Unhinged productivity tips,TRUE
erikxfrasheri,Erik Frasheri,TRUE
lagaleriaink,La Galeria Ink,TRUE
eileenlifts,eileen yang,TRUE
alyssa.healthnut,Alyssa | Personal Trainer,TRUE
hirosart,Hirosart,TRUE
mathias.conrad,Mathias Conrad,TRUE
nailsbysoleill,nails by soleil,TRUE
sisterbryana,BRYANA,TRUE
kilmaruig,Kilmaru,TRUE
danchmerk,Danya Merkulov,TRUE
kdacosta90,Kevin Da Costa,TRUE
futurecheme,Ruha Tacey,TRUE
gracie.pa,Gracie PA,TRUE
sarasaffari__,Sara Saffari,TRUE
aditya.rana13,Aditya Rana,TRUE
arjuunnn_chaudhary,Arjun Chaudhary,TRUE
ronniecoleman8,Ronnie Coleman,TRUE
halliemurrayy,,TRUE
lee_troutman,Lee Troutman,TRUE
thereal.xavier1,Xavier Renegade Angel ğŸ¦…ğŸ,TRUE
nutterbutter,nutter butter,TRUE
reed_harrington23,Reed Harrington,TRUE
lilsipper,Bethany,TRUE
sam_sulek,Sam Sulek,TRUE
david__stevens_,Three6Steez,TRUE
subhan._.siddiqui,Subhan Siddiqui,TRUE
letmehityourjuulbro,Rickyticky Bobbywobbin,TRUE
tin.trann,Tin Tran,TRUE
elzajsy,elza,TRUE
haydenopyc,Hayden Opyc,TRUE
samanthaledreww,SAMANTHA GRACE,TRUE
victor.t.lopez,victor lopez,TRUE
sofiabahar_,Sofia Bahar,TRUE
noodle_and_bun,Noodle,TRUE
matthias_bernhard,Matthias Bernhard,TRUE
mc_jasper1,Jasper Bell,TRUE
anikadobles,ğ‘¨ğ‘µğ‘°ğ‘²ğ‘¨,TRUE
natalia.senkevich.18,Natalia Senkevich,TRUE
freedomandflesh,Freedom & Flesh Beauty Bar,TRUE
mateenahpl_,mateenah alli ğŸ‡³ğŸ‡¬,TRUE
raechowo,Rachel Nguyen,TRUE
mirandacohenfit,Miranda Cohen,TRUE
vanesa_amaro_,Vanesa Amaro,TRUE
couponcutiecanada,Coupon Cutie,TRUE
alkshorts,alk shorts,TRUE
kristehn,Kristen,TRUE
officiallyolives,liv ğŸ–¤,TRUE
i_hav_skill,Aaron Jacobs,TRUE
kyle_dunbar_,kyle,TRUE
maxmedyk,Max Medyk,TRUE
curatedkw,âœ¨ Curated Kitchener-Waterloo âœ¨,TRUE
surthycooks,Surthany Hejeij,TRUE
val.c.fit,Val,TRUE
granny__guns,Granny Guns,TRUE
leilahormozi,Leila Hormozi,TRUE
tunnel.vision.training,Tunnel Vision Training,TRUE
joyeeeyangg,Joyee Yang |Jun Yi|,TRUE
jomajorsh,Josh Blubbernugget Major,TRUE
maddyglynn_,Maddy (Glynn) Barr,TRUE
tumzi_99,Tumi Adeniyi,TRUE
loka_vision,LOKA,TRUE
ishansingghh,Ishan,TRUE
herfirst100k,Tori Dunlap â€” Money Expert,TRUE
samanthayve,samantha yve,TRUE
healthillie,Iliriana Balaj,TRUE
edna.vargas_,EDNA VARGAS,TRUE
martinelrealtor,Martin Mendez M | MN Realtor ğŸ¡,TRUE
jimmy3babies,Jimmy V.,TRUE
adriana____anairda,Adrian,TRUE
sheridan.rossi,SHERIDAN ROSSI ğŸ§šğŸ¼â€â™€ï¸â˜€ï¸ğŸ«§ğŸ“ğŸ“–,TRUE
dr.samclay,Sam clay,TRUE
wadegentr,Genter,TRUE
white.beasley,Beasley,TRUE
humanesophagus,Laili,TRUE
offthegroundink,Off The Ground Ink Toronto,TRUE
randii.reign,Randii Reign,TRUE
jonhoangg,,TRUE
nataliafacciuolo,Natalia,TRUE
hubs.life_,Hub,TRUE
bar_lifting_team,Brent Allen,TRUE
cplpower,Canadian Powerlifting League,TRUE
lashesbyaliciasab,Lashes by Alicia ğŸ’•,TRUE
paditphimmasone,PADIT PHIMMASONE â†  ONLINE COACH,TRUE
matt_peppers,matt pepper,TRUE
tylerbusss,T.L.B.,TRUE
alexliftz_,alex schella,TRUE
shelldriley,Shelley Riley,TRUE
16.connor.w,Connor,TRUE
gamma.performance,Gamma Performance | Suivi selon tes besoins,TRUE
jjpowerlifting83,ğŸ‡¨ğŸ‡¦Jeret Jordan | Online Coach,TRUE
anerdatlarge,Steph,TRUE
lead_piped_lace,Lacey Downing,TRUE
txlhamohd,,TRUE
valeryswitzer,ValÃ©ry Switzer,TRUE
thedanelyseffect,Danelys Sarmiento,TRUE
kidvisuals,Tendai | Videographer,TRUE
allfoods.allmoods,Stef Bender,TRUE
nolan__sh,Nolan Stanley Horn,TRUE
egeer10,Ege,TRUE
henderson_syd,Syd,TRUE
ahmad_aldandal_27,Ahmad Al Danadal,TRUE
lashxluv,ğ™…ğ™–ğ™™ğ™š ğ™ğ™ğ™¤ğ™¬ğ™šğ™§ğ™¨,TRUE
bobbialthoff,Bobbi Althoff,TRUE
jocelynjoymarin,Jocelyn Marin,TRUE
yash_dabe_,Yash,TRUE
nathanjack_westerjack,Nathan Jack,TRUE
thecalisthenicscentre,The Calisthenics Centre,TRUE
randumclips_,Randum Clips,TRUE
isabelgeorginataylor,Isabel ğŸ’ğŸ«¶ğŸ»,TRUE
ishitabassi,Isha ğŸ©µ,TRUE
dego.boop,Dego,TRUE
epicmintleaves,Phil ğŸ¤¯ VEGAN Recipes ğŸ‘¨â€ğŸ³,TRUE
nourishbydanelle,,TRUE
growwithjo,growwithjo | Workout Coach,TRUE
saphire.cromie,,TRUE
bichon_mochimochi,mochiâ˜ï¸+momoğŸ‘,TRUE
danimariehunt,â’¸ DANIELLE HUNT,TRUE
savmacleoddd,Savanna MacLeodğŸ¦‹,TRUE
xaparrita3680,xaparrita gonzalez,TRUE
i_ffy,ğ“²ğ“¯ â™¡,TRUE
investarters,Antonio Cucciniello - Real Estate Investing Mentor,TRUE
yamilediar,yamil Eduardo GonzÃ¡lez,TRUE
yousif.atheer,,TRUE
13ozy13,Brad Osborne,TRUE
sugalenin,Lesser-known Japan and slow living in Tokyo ğŸŒ¿,TRUE
annietalent,Annie,TRUE
rachel.lashes_,ğ—Ÿğ—®ğ˜€ğ—µ ğ—˜ğ˜…ğ˜ğ—²ğ—»ğ˜€ğ—¶ğ—¼ğ—»ğ˜€ | ğ—§ğ—¿ğ—®ğ—¶ğ—»ğ—¶ğ—»ğ—´,TRUE
michaela._murray,Michaela Murray,TRUE
moneywithkatie,Money with Katie | Podcast & Blog,TRUE
milla.sayavongsa,Milla Sayavongsa,TRUE
delightfullyquirkydave,Davna McLean,TRUE
callum.kilmartin,Callum Kilmartin,TRUE
connor_mccormickk,Connor McCormick,TRUE
aj__valad,AJ,TRUE
koltan11,Koltan,TRUE
tysonv003,Tyson Vanlenthe,TRUE
artbysarah_kwc,Sarah.Aldulaimi,TRUE
miasoleil__,mia-soleilğŸ€,TRUE
creating.sophie,Sophie Pearson,TRUE
haylesxo,Haylee SonjağŸ–¤,TRUE
lashesbymichelle__,Lash lifts & Extensions by Michelle,TRUE
lottiealicelamb,CHARLOTTE,TRUE
invisiblepeople,Invisible People,TRUE
respairful,,TRUE
getfitwithmer_,Meredith Hutson,TRUE
aidanfu.sd,Aidan Fu,TRUE
theawkwardtravelrn,Aleah,TRUE
katythompson11,Katy Thompson,TRUE
carolinagrzaa,caro,TRUE
williamvisser1,William Visser,TRUE
chey2327,Cheyenne Cody,TRUE
anthonysodaro,Anthony Sodaro,TRUE
ashbbyyyy24,Ash,TRUE
steffanycabrall,Steffany Cabral ğŸŒ¹,TRUE
abby_tarka,abby tarka,TRUE
ew_mayannaise,Maya Savoie-O'Hara,TRUE
tristandecunha,Emerson,TRUE
hudsonawest,Hudson Ardizzone-West,TRUE
paiges.photos1,paige<3,TRUE
kolbidawn,Kolbi Desmond,TRUE
rachel_reilly,Rachel Reilly,TRUE
njoshii,Nidhi J.,TRUE
parvizi23,ParviziğŸ’ ğŸ‡¹ğŸ‡¯,TRUE
that.cad60kg,Aiden skinner,TRUE
waterloowildin,Waterloo Wildin,TRUE
v.adrenaline_0111,Vaibhav,TRUE
sarah.mcloughlin3835,Sarah Mcloughlin,TRUE
richardmtz24,Athanasios Richard MartinezğŸ‡¬ğŸ‡·ğŸ‡²ğŸ‡½,TRUE
vv.xavier,Xavi,TRUE
andystauringlife,Andy Stauring,TRUE
brilliantorg,Brilliant.org,TRUE
scott.exe,Scott Hessel,TRUE
natalias.fitness,Natalia,TRUE
edward_hale,Edward Hale,TRUE
richarddominoo_,Richard Domino,TRUE
sean_eh,Sean Michael,TRUE
veegains,Sean,TRUE
paolooo_21,Paolo Morra,TRUE
sbd_woj,Brandon Wojick,TRUE
prestonironco,Preston Iron Co.,TRUE
moe.urp,Moe,TRUE
maddiemller_,maddie.â‹†ï½¡Ëš â‹†,TRUE
l.radaelli01,leon radaelli,TRUE
deadliftsensei,Benji,TRUE
taylorswol,TAYLOR,TRUE
_.braidsbyt_,KITCHENER BRAIDERğŸ¦‹,TRUE
breeelenehan,âœ© BREE LENEHAN âœ©,TRUE
seanoulashin,Sean Oulashin,TRUE
aaliyah.unia,A A L I Y A H.,TRUE
maymah.lifts,MaymahğŸ’œ,TRUE
ellartaylor_,Ella Taylor,TRUE
devinjatho,Devin Jatho | Content Marketing,TRUE
abbytfitness,Abigail Taylor,TRUE
zoeantonia__,ZOE ANTONIA,TRUE
olivia.johnston5,Olivia Johnston,TRUE
alen.serdarevic,Alen,TRUE
growrotten,grow rotten!,TRUE
adair.lifts,Liam Adair,TRUE
thomasrozomiak,thomas,TRUE
krystolefit,Krystal Dias,TRUE
torireay,Victoria Anne Reay,TRUE
devriesgarnet,Garnet Devries,TRUE
j_d_t87,Joseph Thomas,TRUE
haleymacarthur_,Hales,TRUE
emily_burzynski,em burzynski,TRUE
zacman2121,Zac Mcneil,TRUE
2xx.sk,Shubh Moga,TRUE
maddiewarren_liftz,Maddie Warren | ONLINE FITNESS COACH |,TRUE
malyyy12,Mary SayadethğŸ‡±ğŸ‡¦,TRUE
creamycravingbypooja,Pooja sharma,TRUE
meowforpot,,TRUE
eemtriplin,Eem Triplin,TRUE
aagnaykariyal,Aagnay Kariyal,TRUE
theweightpit,{|||]â€”â€”â€”[|||},TRUE
maegan.curylo,Maegan,TRUE
xo.dre003,DreğŸ›¸,TRUE
itsfola_,Fola,TRUE
ontario_cpl,Ontario Canadian Powerlifting League,TRUE
maxmazzetti,Max,TRUE
alexvargas.lifts,Alex,TRUE
exploromann,Lukas Mann,TRUE
clickhole,ClickHole,TRUE
evan_wang__,Evan,TRUE
x_cimon_,Belkacem Belhadj Chikh,TRUE
victalopez,Victor Talis Lopez-Senkevich III ğŸ‡¨ğŸ‡ºğŸ‡·ğŸ‡º,TRUE
majaa.ser,maki,TRUE
charlotte.rau,charlotte,TRUE
sebastiansgarbossa,Sebastian Sgarbossa,TRUE
yfa.thrifts,CURATED FOR YOU,TRUE
cartermurphy93kg,Carter Murphy,TRUE
hubermanlab,"Andrew Huberman, Ph.D.",TRUE
christianpwrlfts,Christian Chabert,TRUE
wengeal.l,,TRUE
conradheidebrecht,Conrad Heidebrecht,TRUE
bina.clarke,Sabrina Graham-Clarke,TRUE
overkell,Joel Kellett,TRUE
lenzci_jhalen,Lenzci Jhalen,TRUE
thedailystockmarket,The Daily Stock Market,TRUE
jaskaran.shergill,jaskaran,TRUE
jash7x,Jashan Grover ğŸ‡®ğŸ‡³ğŸ‡¦ğŸ‡ªğŸ‡¨ğŸ‡¦,TRUE
jerome_uy,Jerome Uy,TRUE
bloombergbusiness,Bloomberg Business,TRUE
itsmestevenx,Steven Xayavong,TRUE
alexeubank2.0,Alex Eubank,TRUE
finimize,Finimize ğŸ’¸,TRUE
lexx.little,Lexx Little,TRUE
_jasmine.power,jasmine,TRUE
kalmiiaaa,kristina,TRUE
noah1lalonde,Noah,TRUE
cookiekinggg,Demir Basceri,TRUE
osama3224_,Osama Al-Shaikh,TRUE
lashenvee,by vee,TRUE
ashlii.ann,Ashli-Ann â¤ï¸ğŸ‡¯ğŸ‡²,TRUE
seanlovesrealestate,Sean Pan,TRUE
jazzy_freshxo,jazzy j ğŸ–¤,TRUE
adamenderpt,adam ender,TRUE
exec.sum,Exec Sum,TRUE
jeffpachtmanfitness,Jeff Pachtman,TRUE
dxneatt,D.A,TRUE
jamess.solo,,TRUE
pinkpencilmath,Pink Pencil Math,TRUE
your.richbff,Vivian Tu | Your Rich BFF,TRUE
mrsdowjones,Haley Sacks I Zillennial Finance Expert,TRUE
denixsha,D e n i s h a,TRUE
workhap,Sho Dewan,TRUE
nathan_dales,Nathan Dales,TRUE
karpovsofficial,Paul Karpov,TRUE
smithtaylorrr,taylor smith,TRUE
avaseleine,Ava Drozdiak,TRUE
harleen_kp,har,TRUE
jackson.suderman,jackson,TRUE
tracesoats,Traceâ€™s Oats,TRUE
eline.may,elineğŸ‘¼ğŸ»,TRUE
evlbonez,,TRUE
__diewsimon,diew simon,TRUE
avadmay,,TRUE
siblingsordating,Siblings or Dating?,TRUE
braydonpyne,B R A Y D O N,TRUE
noahaly15,Ø¹Ù„ÙŠ,TRUE
_jakefoy,,TRUE
calebo_williams,Caleb W (Cally),TRUE
ryan_johanns,,TRUE
joywuol__,joy,TRUE
m4r7l3n4,mary lena,TRUE
preprompics,Kaelynâ€™s Pre Prom Pictures,TRUE
brendan_masters,Brendan Masters,TRUE
doc_amen,"Daniel G. Amen, M.D.",TRUE
amare.abdullah.16,Amare Abdullah,TRUE
connor.pinheiro,connor pinheiro,TRUE
vvictoriajp,Ëš*Ù’âœ§à¤‚à¥°*,TRUE
tendertitty,Caleb Mueller,TRUE
jayz_gains,,TRUE
ambitiongymclub,Workouts | Fitness | Gym | Mindset | Nutrition,TRUE
colbyjibb,Colby Jibb,TRUE
allison.jibb,allison jibb,TRUE
linabbyy,lina haitani,TRUE
isiahkatsube_,isiah katsube,TRUE
rcssconfess,,TRUE
angelasofiacg,â™¡ğ“ğ“·ğ“°ğ“®ğ“µğ“ª ğ“¢ğ“¸ğ“¯ğ“²ğ“ªâ™¡,TRUE
luozhishu,Ross,TRUE
hunter_restoule,Hunter,TRUE
johnnygeorgge,johnny,TRUE
paul.tu.39,Paul Tu,TRUE
_ashleycrane,ashley crane,TRUE
rcssgrads2022,RCSS 2022 Graduates,TRUE
jiehee_,Jie-Hee Park,TRUE
emmakueneman_,emma,TRUE
averymorrison_,AVE,TRUE
aspennmaciel,aspennnn,TRUE
edna1garcia,Edna GArcia Gonzalez,TRUE
althea.r_,Althea,TRUE
vanessakemp_,vanessa kemp,TRUE
kaylastephenson_8,kay,TRUE
paytonkarn_,P a y ğŸ¦‹,TRUE
skyedoctorfit0,Skye 0Rion Doctor,TRUE
demi_popoola,Demi ğŸ€,TRUE
emilygisella,Emily Gisella,TRUE
alexrus.1,Alex,TRUE
m41.pdf,Mai Nguyen,TRUE
sarah.aldulaimiii,Ø³Ø§Ø±Ø© ğŸ‘¼ğŸ¼,TRUE
abrehamtekk,ABğŸ’«,TRUE
jace.cormierr,jace cormier,TRUE
colehenry__,Cole Henry,TRUE
alexboutros_,,TRUE
jiamishraa,jayati â˜¬à¥,TRUE
ellesheehann,Elle,TRUE
haydenpixner,,TRUE
preston_priboj,Preston Priboj,TRUE
_shalxxm_,Huncho,TRUE
_zerinad,Zerina,TRUE
xbrittnirz,ğœğšğ¥ğ¥ ğ¦ğ ğ ğŸŒ¸,TRUE
desmond_.osayi,Desmond osayi,TRUE
owensm6th,,TRUE
salvatorecurto_,Sal,TRUE
ethan_dodds2,Ethan Dodds,TRUE
confessionsrcss,Rcss Confessions,TRUE
malcolm.almeida,Malcolm Almeida,TRUE
kadz_elk,K,TRUE
evenexer_,,TRUE
mackenzie.weber_,mackenzie ğŸŒ·,TRUE
matt.temple,MT,TRUE
zambzy,Ethan Oliphant,TRUE
miahanlon_,M ğŸ’Œ,TRUE
aidenslade_,,TRUE
aaronhinsperger,Aaron Hinsperger,TRUE
softskies.9778941,Benzy,TRUE
vanillabellaboutique,Vanilla Bella Boutique,TRUE
etkfit,Erin Killeen,TRUE
thefilipinogoku,Christopher Joseph Simos Crisostomo,TRUE
christina_zotos,,TRUE
jaredweiler__,Jared Weiler,TRUE
alex_eubank15,Alex Eubank,TRUE
stefankrivajaa,stefan,TRUE
memo_vargas014,Memo,TRUE
itsnot.sol,,TRUE
natetakele_,Nathaniel,TRUE
isnwonq_as,Uwuw,TRUE
alt_ibrahim_,Ibrahim,TRUE
skyla_soehner,skyla,TRUE
_bradleywalter,Bradley Walter,TRUE
ethan_gunning,Ethan Gunning,TRUE
devid_bouah,DeviÌ€d Eugene Bouah,TRUE
hercswaterloo,Herc's Nutrition Waterloo,TRUE
drewschaeferr,Drew Schaefer,TRUE
crunchwaterloo,Crunch Waterloo,TRUE
_iamdapo,Oladapo,TRUE
rafidehsan,rafidafiduwhereareyou,TRUE
realgymhumor,Sam Mandigo,TRUE
indiezlashes,,TRUE
akourvetaris,Alex Kourvetaris,TRUE
caroline.szawlowski,Caroline,TRUE
owenhickss_,,TRUE
mahan.sharifii,Mahan,TRUE
smudge_lord,Smudge - Table Cat,TRUE
_ashleywhitee,Ash White,TRUE
sierra.vasin101,Sierra Vasin,TRUE
micahcowell_,Micah,TRUE
leah.crease,Leah Crease â˜€ï¸,TRUE
horrell_ethan,Ethan Horrell,TRUE
freshprinceofimagination12345,freshprinceofimagination,TRUE
numgultekin32,Numan GuÌˆltekin,TRUE
exceldictionary,Your Excel Dictionary,TRUE
richycala,Riccardo Calafiori,TRUE
wehbet.solomon,wehbet,TRUE
danapeerez,Dana PÃ©rez,TRUE
diegoencina1,Diego encinağŸ§¿,TRUE
milad.pharman,Milad,TRUE
griffinbeddis,gbeddis,TRUE
nafisapleasee,,TRUE
danish_ejazz,danish,TRUE
hankgreen,Hank Green,TRUE
lillian.prack,Lily Prack,TRUE
tyler.putzu,Putz,TRUE
surawavy,Surafel ğŸ‡ªğŸ‡¹,TRUE
nikolasubotic_,niko,TRUE
carlee.mueller,Carlee Mueller,TRUE
alyvia.elliott,Alyvia,TRUE
averry.roosh,avery rooshğŸ©·ğŸ©·ğŸ©·,TRUE
3thanabk,E,TRUE
russellknightt,Russell Knight,TRUE
davidlaid,David Laid,TRUE
dr.noc,"Dr. Noc, PhD",TRUE
cbum,Chris Bumstead,TRUE
chasechantha,chase,TRUE
cody.gerth,cody gerth,TRUE
jasistrying,Jasy,TRUE
toriarseneault,victoria marie,TRUE
rileymcturk,riley mcturk :),TRUE
ethan_biase,Ethan Biase,TRUE
rcssprom2022,RCSS PROM 2022,TRUE
_gracehare_,gracie,TRUE
hello_barbo,Amanda Barbosa,TRUE
tugikaai,tugi,TRUE
shekyfresh,,TRUE
bradymcturk,,TRUE
afriicangiiant,Kanya Fernandez,TRUE
chloe_deboer1,chloğŸ§¸,TRUE
jam_xa12,J,TRUE
jordancolefitness,Jordan Cole,TRUE
kaleb_leclair,Kaleb,TRUE
4901_veronica,ğŸ¦‹,TRUE
kyozeaz,Zack Chan,TRUE
zidan_a20,Zidan adan,TRUE
noahhenesey,Noah,TRUE
louisaxdunner,ğ¿ğ‘‚ğ‘ˆğ¼ğ‘†ğ´ ğŸ«’,TRUE
quinnperron,,TRUE
daniela_agbo,daniela,TRUE
seliinamasrii,ğ”°ğ”¢ğ”©,TRUE
emmamiletic,Emma,TRUE
roselynn.lopezz,Roselyn,TRUE
b0ags,Colin Arsenault,TRUE
_miraavari,Mira,TRUE
quenblackwell,Quenlin Blackwell,TRUE
carsondargel,carson dargel,TRUE
emilydodge_03,Emily Dodge,TRUE
maegan_taylor,maegan taylor,TRUE
megie.boylespam,megie.boylespam,TRUE
rileydelong_,riley delong,TRUE
kionas_closet_,KionağŸ’—,TRUE
iamrhoda._,Rhoda,TRUE
traivon.grant_,traivon.grant_,TRUE
liam.white2626,Liam White,TRUE
setherbee.sethington,Seth England,TRUE
nathan.weiler,Nathan Weiler,TRUE
lovelycatonline,Lovely Cat Online,TRUE
camyron_22,Camyron Caddigan-Groves,TRUE
moulastacks007,Mlooseâ™ ï¸,TRUE
_connormacc,,TRUE
jaredweiler_,,TRUE
jessica.c_2265,á´Šá´‡ssÉªá´„á´€,TRUE
calebschiedel,,TRUE
loganrourke,Logan Rourke,TRUE
joey.suh,JOEY SUH,TRUE
worldstar,WorldStar Hip Hop / WSHH,TRUE
sambandl,samğŸŒ¼ğŸ«§ğŸª©,TRUE
josiahs_ber,JB,TRUE
oren_teschke,,TRUE
alaa_alhaj,Ø¹Ù„Ø§Ø¡,TRUE
evian.abdalla,evian,TRUE
pressa.armani,PRESSA,TRUE
mxheen_p,,TRUE
platosclosetkitchener,Plato's Closet Kitchener,TRUE
dannyduncan69,Danny Duncan,TRUE
sydneyyhaid,syd,TRUE
emilydago833,dagger,TRUE
itsfelixwhat,Felix Mallard,TRUE
the.executiverule,The Executive Rule,TRUE
britten_bullock15,britten bullock,TRUE
stedaniel_,Daniel Steven,TRUE
mirshhh,Mirsh,TRUE
elliottdanckert,elliott,TRUE
carladobrescuu,carla â™¡,TRUE
microsoft,Microsoft,TRUE
tryptamine777.11,photo dump,TRUE
creationsross,RossCreations,TRUE
owenmoyer__,owen moyer,TRUE
amychang,Amy Chang,TRUE
zachdri,,TRUE
mitch.dietrich,Mitchell Dietrich,TRUE
aseelzamora,,TRUE
kateairen1,,TRUE
_camhasold,cameron hasold,TRUE
_markmojica,,TRUE
theonlyuzii,,TRUE
nathanoliveirraa,nathan oliveira,TRUE
nxt.champ,The NXTCHAMP Invitational,TRUE
jovey.sokhal,Jovey Sokhal,TRUE
riley_greig127,Riley Greig,TRUE
jessica._.carvalho,Jessica Carvalho,TRUE
nabil.azab1,Nabilazab,TRUE
raneembashaa,Ø±Ù†ÙŠÙ…,TRUE
davidbarrbuu,,TRUE
abbyywhiteee_,Abby White,TRUE
gregdoucetteifbbpro,Greg Doucette,TRUE
_tobiashofer,Tobias Hofer,TRUE
jahsemar_ball11,Jahsemar Olembe,TRUE
hayden.mitchell10,hayden mitchell,TRUE
_syd.myke,Syd,TRUE
miriamrushh,miriam,TRUE
giselleqgarcia,giselle garcia,TRUE
jake.mcdonald7,,TRUE
makayla_ali_,Makayla,TRUE
nicksymmonds,Nick Symmonds,TRUE
caitycat323,Caitlin Lally,TRUE
tylerhawbolt,Tyler Hawbolt,TRUE
finn.moore,Finn Moore,TRUE
dognong5,,TRUE
caidenbenwell,CB,TRUE
em.alex.beebe,Emmy Beebe-Viger,TRUE
savannahprez,SAVANNAH PREZ,TRUE
ambedo.vtg,Ambedo Vintage,TRUE
thomson.pham,Thomson Pham,TRUE
nikola.mu,Nikola,TRUE
emjen318,Em,TRUE
hannaoeberg,HANNA OÌˆBERG ğŸ‡¸ğŸ‡ª,TRUE
thankyougiftsboutique,Thank You Gifts Boutique,TRUE
colinlabrie,colinLabrie,TRUE
hamza_elghazii,hamzağŸº,TRUE
lorena_salajan,lorena,TRUE
_hayden_barnes_,Hayden,TRUE
benzyboo.771,,TRUE
teekkzz,tijana djordjevic,TRUE
emilyvictoria.evd,Emily Victoria,TRUE
corynschelling,Coryn Schelling,TRUE
tylerkristofersmith,Tyler Smith,TRUE
cole_dorscht03,Cole Dorscht,TRUE
anastasija.kovacevic31,ĞĞ½Ğ°ÑÑ‚Ğ°ÑĞ¸Ñ˜Ğ°,TRUE
maria.cchavez,maria,TRUE
loganhollohan_,LoganHollohan,TRUE
ohhhh_man,Oman,TRUE
seth_voisin,Seth Voisin,TRUE
evlwrld,iianağŸ§ğŸ½â€â™€ï¸,TRUE
sebfrayne,Sebastian Frayne,TRUE
sahiya.a,Sahiya,TRUE
gabesscameraroll,gabbie :),TRUE
ana.senk_,ana,TRUE
hannahheimpel,Hannah Heimpel,TRUE
stevan_stojcevic,Stevan Stojcevic,TRUE
rubyxngu,Rub,TRUE
lauralengyell,laura,TRUE
jonahstruyk,Jonah,TRUE
nicolasamaya__,Nico Amaya,TRUE
juliaswansonn,julia swanson,TRUE
juliavasey_,ğŸ‡¨ğŸ‡¦ğŸ‡§ğŸ‡·,TRUE
mm_szczepaniak,maria szczepaniak,TRUE
nickgallagherr_,Nick Gallagher,TRUE
ask_of_water,PAPI WATER,TRUE
justynageidlinger,justyna ğŸŒº,TRUE
tobypryce_,Toby Pryce,TRUE
brentwatts4151,Brent Watts,TRUE
derekbush14,á´…Ê™,TRUE
ryan_allan24,Ryan O'Donnell,TRUE
alex.vargas__,Alex Vargas,TRUE
magnus_wawryk,Magnus Wawryk,TRUE
olimpiarapacki,Olimpia Rapacki,TRUE
_owenflynn,Owen Flynn,TRUE
connorlottmann,Connor Lottman,TRUE
meg.gordonn,MegğŸ’—,TRUE
avery_baird,Avery Baird,TRUE
nikita.1m,âœ¶ keter,TRUE
raneemsprivvvv,,TRUE
mariambaiggg,mar,TRUE
jolinebusche,Joline,TRUE
matt_annett14,Matt,TRUE
callumnn,callum currie,TRUE
backos.boutros2k4,Backos Boutros,TRUE
chednas.tacohouse,,TRUE
zachhwarren,Warren,TRUE
tungstenrising,Tungsten Rising | Toronto,TRUE
marioliberakos,Mario Liberakos,TRUE
brigittefitzyy,Brigitte Fitz,TRUE
keeektion,kristian Hatashita,TRUE
charlyebrownell_,Charlye,TRUE
rolleyfex,Tiana,TRUE
kassandraa.hoy,kass ğŸ‡§ğŸ‡¦,TRUE
liamadair24,Liam Adair,TRUE
amyy.huynh,,TRUE
dhatashita,Daniel hatashita,TRUE
austin__martens,Austin,TRUE
jadesiuu,Jade Siu,TRUE
memerzone,Memes,TRUE
pejman__kaviani,,TRUE
i_am_alex_boutros,no homo,TRUE
brandonlmoniz,Brandon Moniz,TRUE
xander_hayhoe,Xander,TRUE
rachelkfishman,Rachel ğŸ§¸,TRUE
mihael_b3,Mihael,TRUE
nikolas.antolcic,Nikolas Antolcic,TRUE
_patrik_milicevic_,Patrik Milicevic,TRUE
millyliew,Melissa Liew,TRUE
sarah.grauer,,TRUE
patricia.wonggg,Patricia ğŸ“,TRUE
liam.grobe,Liam,TRUE
aidan.sabourin_,Aidan,TRUE
rileyconnolly_,Riley Connolly,TRUE
buzzmasoon,buÌˆzzy,TRUE
lilyhare_,lilyğŸ’“,TRUE
evan.becker09,Evan Becker,TRUE
emmitt.manku,,TRUE
zachary_sheppard,,TRUE
matt.downie9,Matt Downie,TRUE
sethsnider_05,Seth,TRUE
luvnoless,em,TRUE
6ix.foods,6ix Foods,TRUE
eben.kiflu,Eben Kiflu,TRUE
ryan_suljak_,Sul âœ,TRUE
bernadette.w_,bernadette,TRUE
cam.dingman,Cam Dingman,TRUE
samibeggar,Sami Beggar,TRUE
rachelrunstedler,RACH,TRUE
uofg.2024,UofG Class of 2024,TRUE
yodeling.panther,Kamol | memes,TRUE
annnatoma,Annamaria Toma,TRUE
charlottebishop_,,TRUE
nick.ospina_,Nick,TRUE
nadeen.salahhh,Nadeen Salah,TRUE
carlene.johnsonnn,Car,TRUE
chronic.memesv2,,TRUE
meghanyoungg,Meghan Young,TRUE
dawnnichol_,,TRUE
julien_emond,Julien,TRUE
georges_kendry,Kendry Georges,TRUE
_keke.bee,Kerren Asumang,TRUE
indiarodriguee,india rodrigue,TRUE
_emilyperez._,,TRUE
dojacat,Doja Cat,TRUE
collegefessing,College Confessions,TRUE
memeblox,memes ğŸ¦ ,TRUE
emilyypenny,Emily Penny,TRUE
daniel_kim85,Daniel Kim,TRUE
rawan.saaaad,Ø±ÙˆØ§Ù† Ø³Ø¹Ø¯ğŸ§¿,TRUE
juliearchibalddd,julesğŸ§šâ€â™€ï¸â­ï¸ğŸŒˆğŸ’â˜˜ï¸ğŸ¦‹ğŸª©ğŸ©·,TRUE
matthew.ovcacik,Matthew Ovcacik,TRUE
temiudoh,tğŸª®,TRUE
austin_brunn_,Austin Brunn,TRUE
thomas_scheerer7,Thomas Scheerer,TRUE
willythewiz,Will Bigger,TRUE
_kaitlyncooke,Kaitlyn Cooke,TRUE
riayaan.rauf,Riayaan Rauf,TRUE
derektbn,,TRUE
averyrileymckay,Avery Riley-Mckay,TRUE
fayekim_,Faye Kim,TRUE
peytonwither,peytie,TRUE
abbypecora,abby pecora,TRUE
ayman_hamad.18,Ayman,TRUE
ryderdiorr,RUGRAT,TRUE
anabella.amorim,Anabella Amorim,TRUE
najellaattiqi,Najella,TRUE
opope524,Owen,TRUE
nataliapoile,NAT,TRUE
bennettsam_,Sam Bennett,TRUE
braedenhenning,Braeden Henning,TRUE
failsclip,Memes ğŸ”,TRUE
_sundaychol,Sunday Chol,TRUE
taylorhalbert_,tay,TRUE
jacksonhayes__,Jackson Hayes,TRUE
abbymackay24,Abby,TRUE
lucas.c44,Lucas Carson,TRUE
sophie.king,sophie,TRUE
jackdey9,Jack Dey,TRUE
tyler.c.bell,Tyler Bell,TRUE
uofgpartylife,Guelph Party Life,TRUE
elliestemerdink,Ellie Stemerdink,TRUE
officialrichmondrow,Richmond Row,TRUE
mya.channer,mya channer,TRUE
miret_morgan7,miret,TRUE
luke.munroe,Luke Munroe,TRUE
uwesternpartylife,UWO Party Life,TRUE
kraemer_kyle,Kyle Kraemer,TRUE
bradyn_rose,b rose,TRUE
jacksondingethal,Jackson Dingethal,TRUE
deboraiancuu,Debora Iancu,TRUE
tala.elagha,,TRUE
mason.lockhart2,Mason Lockhart,TRUE
nicholas_bliss,NicholasğŸ‡¬ğŸ‡§,TRUE
amoura_spammm,AmmarğŸ˜³,TRUE
prodigy10k,,TRUE
ryan.rettinger,Ryan,TRUE
kamarie_browne,Kamarie Browne,TRUE
liam.lorentz_,Liam Lorentz,TRUE
samuel.by7,Samuel,TRUE
max.blenkhorn,Blenks,TRUE
sophia.soars,Sophia,TRUE
colby_delaney22,Colby Delaney,TRUE
stretch.nk19,,TRUE
klarasamaan,Klara ğŸ‘¼ğŸ¼,TRUE
fionayosef,âœŒï¸,TRUE
rachel.ye_,rachel ye,TRUE
_zaina.ali,Zaina Ali,TRUE
logannblake,,TRUE
ella_maierr,ella,TRUE
tofuadverb,Vivian,TRUE
samgabert,sam ğŸŒ»,TRUE
sandraaa.xrm_,Sá´€É´á´…Ê€á´€ Cá´€Ê€Ê€á´€É´á´¢á´€,TRUE
keaton_jespy,Keaton Jespersen,TRUE
ben_schmidt29,Benjamin Schmidt,TRUE
crina_chirilenco,Crina Chirilenco,TRUE
a_ustinryan,,TRUE
dantepleu,Damien,TRUE
murere_bradley,Bradleymurere,TRUE
tai_100m,Tai Sprints,TRUE
jalenmckenziee,.,TRUE
raachel.hyde,rachel,TRUE
emmamurraybrezynskie,E *:ï½¥ï¾Ÿâœ§*:ï½¥ï¾Ÿ,TRUE
nelonine_,Death B4 DishonourğŸ’”,TRUE
keaberberichh,kea berberich,TRUE
torichuong,Tori,TRUE
gabe.mervyn,Merv,TRUE
robertpark_,Rob Park,TRUE
subinnchung,subin â—¡Ìˆ,TRUE
stefanie_kahnke,stefğŸŒ¼,TRUE
rebecca.cismas,Rebecca Cismas,TRUE
maddie.sauve,Maddie Sauve,TRUE
colleen.archibald,colleen ğŸª©ğŸŒŸğŸ’,TRUE
_macroy22,Mac Roy,TRUE
nxthanielarnold,,TRUE
lara.petic,Lara Petic,TRUE
wade.moser_,Wade Moser,TRUE
mya.disbrow,,TRUE
kitttykat88,katie ğŸˆâ€â¬›,TRUE
sarah.mahfod,Sarah,TRUE
aliciajemetio,alicia âœ¨,TRUE
yasmenelkeshrew_,YASMEN ELKESHREW,TRUE
gavin_deep,Gav,TRUE
memes.hks,,TRUE
bradyioannidis,Brady Ioannidis,TRUE
vin.drake,Vincent Drake,TRUE
finleyhill_,Finley,TRUE
kylemacneil_,Kyle,TRUE
emanuelugarte_,,TRUE
alyssahillis,Alyssa,TRUE
kieran.stewart04,Kieran,TRUE
emmbomans,Em,TRUE
jasminezafari,jasmine,TRUE
jantzireece,Reece,TRUE
evan.chinquee,(chin-kwee),TRUE
_jalen.nelson,Jalen,TRUE
oliviakellendonk,liv,TRUE
idrisbaksh,idris bakshğŸ–¤,TRUE
_tarawong,tara,TRUE
paigemosburger,paige carley mosburger,TRUE
clairelorenttz,claire,TRUE
fordacooper,Ford Alexander Cooper,TRUE
shanae.yaqoob,Ø´Ù†Ø§Û’ğŸ¤,TRUE
evee_ryan,eve,TRUE
julia.bryl,Julia,TRUE
veroniicarsanchez,Veronica Sanchez,TRUE
anam.ii1,AnamğŸ¤,TRUE
blake_mac77,Blake Mac,TRUE
hayden.windley,Hayden Windley,TRUE
braden_hartley,,TRUE
lilyllim,lily,TRUE
angeliinawang,angelina ğŸ«§,TRUE
meghan.wadel,Meghan Wadel,TRUE
wyattmackay.pdf,Wyatt Mackay,TRUE
chloevincenttt,chloe vincent,TRUE
maxxuhuangho,Max,TRUE
maddymacdonaald,maddy macdonaldğŸŒ€ğŸ§¿ğŸª,TRUE
6ixbuzztv,6ixBuzz TV 6ï¸âƒ£ğŸ,TRUE
tim_morgan30,Tim Morgan,TRUE
alicia.mcmurren,,TRUE
mrcbto,FoeevaLLJTğŸ•Šï¸â¤ï¸,TRUE
danieltalku,Daniel B.,TRUE
nancyrosedivinetarot,Nancy Rose Divine Tarot,TRUE
jeffrey.luo68,,TRUE
satori.sole,Satori Sole,TRUE
lucas.deandrade,Lucas,TRUE
justin.herfst,,TRUE
nora.stronge,Nora,TRUE
finlaykolijn,finlay,TRUE
jared.dewar,Jared Dewar,TRUE
tiffanybinkle,Tiff,TRUE
taylorraugusto,Taylor Augusto,TRUE
brad_warnaar,Brad,TRUE
carter.beddis,Carter Beddis,TRUE
rylincormier,RYLIN,TRUE
londongjdawson,London,TRUE
mason_eykens,Mason,TRUE
nmxsxd,ë¯¼ì¤€,TRUE
bri.irish,Briâ¤ï¸â€ğŸ”¥,TRUE
drew_grein,Drew Grein,TRUE
kira.milroy,kira milroy,TRUE
jadayy_04,,TRUE
izzyystp,izzy:),TRUE
paytonstreets,ps,TRUE
mehtaspooner_prem,Prem Mehta-Spooner,TRUE
x.__.unii,ë°•ì„±ìœ¤,TRUE
tomicluka04,Luka Tomic,TRUE
danny_white21,Daniel White,TRUE
_nickbaslerr,Nick,TRUE
sanja_jurosevic,Sanja JuroÅ¡eviÄ‡,TRUE
elenatanasic,Ğ•Ğ»ĞµĞ½Ğ° Ğ¢Ğ°Ğ½Ğ°ÑĞ¸Ñ›,TRUE
2.718281828459045235360287420,memes !!,TRUE
cynthiahe_,Cindy è‹“ ğŸ‡,TRUE
nikole_mc50f,nik â˜¯ï¸,TRUE
katarina_.savic,kĞ°Ñ‚Ğ°Ñ€Ğ¸Ğ½Ğ° ÑĞ°Ğ²Ğ¸Ñ›,TRUE
joseph.teshome,á‹®áˆ´á,TRUE
camhache,Cameron Hache,TRUE
hishamsadiq_,Hisham,TRUE
kellytnduong,é›ªå«º,TRUE
owen_lloyd.25,Owen Lloyd,TRUE
chixox_,chimdiya,TRUE
shanegreen7,Shane Green,TRUE
lemonrhino07,0,TRUE
sin.shkh,Sinara,TRUE
raya.kado,Ø±Ø§ÙŠØ©ğŸª¬,TRUE
shahzeb_atif,Ø´Ø§Û Ø²ÛŒØ¨,TRUE
haileyreid,Hailey Reid,TRUE
nikolab_5,Nikola Blagojevic,TRUE
nickbeattie_,Nick Beattie,TRUE
alex_hankinss,Alex â™¡,TRUE
juleshendrikx,jules hendrikx,TRUE
dezi_fadzie,Dezi,TRUE
lucasordnez,,TRUE
abigail.passy,Abby Passy,TRUE
angelina_.car,angelina,TRUE
tiffanytrinh_,tiffany,TRUE
thomaspapalia,thomas papalia,TRUE
tait_km,TAITEM,TRUE
blake.wolf1,blake wolf,TRUE
sam.hooper_,,TRUE
cece.schaeffer,Cecelia,TRUE
klaudia_hasko,Klaudia hasko,TRUE
kaitlyn.handy,kaitlyn,TRUE
mateagovedarica,tillyğŸ¦•,TRUE
abby.pawlowski,abigail,TRUE
gemma.sauder,Gemma,TRUE
markstillruns,Mark Williams,TRUE
steven.mu12,Steven,TRUE
seanbfunky,Bfunky,TRUE
k80barrett,katie,TRUE
savanahnoravong,savanahğŸ–¤,TRUE
halle.temple,halleğŸ’—,TRUE
mason._.simard,Mason,TRUE
asha.snyders,asha,TRUE
oceanne.li,êª®á¥´ê«€êª–êª€êª€ê«€ ~ à±¨à§â€§â‚ŠËš,TRUE
averyyyxxrankk,Ave ğŸ–¤,TRUE
marissanorcott,marissa norcott,TRUE
smbfunny,Smbfunny,TRUE
nathan_elijah_pineda,Nathan Elijah Pineda,TRUE
ellakfraser,â‚¬||@,TRUE
mr.harriott7,Mr. Harriott,TRUE
maddie_quinn_4,Maddie Quinn,TRUE
kalynnbaker_,kalynn baker,TRUE
caydendalrymple,Cayden Dalrymple,TRUE
memezar,MEMEZAR â€¢ MEMES & MEME-CULTURE,TRUE
mikayla.oconnell,Mikayla,TRUE
stdshack,welcome to the shack,TRUE
_yung_jab_,Khalideius ğŸ¦£,TRUE
pubity,Pubity,TRUE
lukesinclair12,Luke Sinclair,TRUE
_jessie.aa,ğŸ‡³ğŸ‡¬,TRUE
chloebugdale_,chloe bugdale,TRUE
charlie_white16,Charlie,TRUE
adamgrein,Adam Grein,TRUE
emilyhussey_,Em,TRUE
kimiakordestani_,,TRUE
mr.b3ll,,TRUE
luc.brzustowski,Luc Brzustowski,TRUE
chocobleach,Choco ğŸ˜¹,TRUE
vanessa.xuu,nessie,TRUE
_abbybyers,abby byers,TRUE
christoph.vert,Christopher Green,TRUE
abbey_yuhasz,Abbey Yuhasz,TRUE
dewar_nathan,Nathan Dewar,TRUE
npcmelvin,Fuck Melvin,TRUE
boberts.tasty.memes,,TRUE
davids0ng,David Song,TRUE
liltimmyspam,TJ Ellis,TRUE
caidynmurray,Caidyn,TRUE
joelle.olla,Joelle,TRUE
mollyy.roth,MOLLY ROTH,TRUE
carter__king,Carter King,TRUE
mya.muschette,mya,TRUE
danielferrerr,ğŸ‡¨ğŸ‡´,TRUE
jabaritheshadowking,Le Roi de Baton Rouge,TRUE
malachi_bosse,Malachi Bosse,TRUE
matt_zunic,,TRUE
kiki.osb,Kiera Osborne,TRUE
_ethanbaptie,Ethan Baptie,TRUE
brianna.romany,Briâ˜€ï¸ğŸŒŠğŸ,TRUE
_chriscrossley,Chris Crossley,TRUE
jessereinhardtt,Jesse Reinhardt,TRUE
tyler.ilton,Tyler Ilton,TRUE
kevin_barath_,Kevin Barath,TRUE
cecilia_248,cecilia,TRUE
ianbos11,Ian Bosomworth,TRUE
mariah.jjohnson,mariah,TRUE
justinchoii_,Justin Choi,TRUE
officiallybke,Edrei Gilbert,TRUE
benkriz,Ben Kriz,TRUE
renee.ruszer,REN,TRUE
averyrosebean,avery rose bean,TRUE
marleewiismer,MAR,TRUE
j.olub_,Joshua,TRUE
helloseob_kim,Frank â€¢ íš¨ì„­,TRUE
aidanmn01,Aidan Morton Ninomiya,TRUE
sundaysimonn,,TRUE
flotrack,FloTrack,TRUE
ayrial.44,Ayrial Peterson,TRUE
ethan.gomess,Ethan Gomes,TRUE
maarcelamaria,Marcela Maria ğŸ’½,TRUE
yubinimm,Charlie,TRUE
hayden.scott19,Hayden Scott,TRUE
dannyphomsouvanh,,TRUE
noah.tyszka,Noah Tyszka,TRUE
barbaraledezma_,barbara ğŸ’Œ,TRUE
daniel_me__,Daniel Yu,TRUE
brendangrosso,Brendan Grosso,TRUE
andrewpxrk,Andrew Park,TRUE
jacob.theodosiou,Jacob Theodosiou,TRUE
kevineiken,Kevin,TRUE
matthew_boling1,Matthew Boling,TRUE
scoobydoofruitsnacks,MEMES,TRUE
jasmineschaefer_,JASMINE S,TRUE
alex.hesch,a l e x,TRUE
profesora_lara,Lara,TRUE
willbetik,Will,TRUE
braydonpyne74455,B r a y d o n,TRUE
laurelcreektfc,Laurel Creek TFC,TRUE
myahmurray_,mâ­ï¸,TRUE
finnsspam.4,finnleeyeh â™ï¸,TRUE
vivayk_patel,Vivayk Patel,TRUE
ahmadxasaad,Ahmad asaad,TRUE
supremeathletics,Supreme Athletics,TRUE
zack_morden_lifts,Zack Morden,TRUE
juliahancock__,jules â˜»,TRUE
emmettfitness,Emmett,TRUE
_kieralane,kiera,TRUE
nyaguta_,nyaguta,TRUE
jameson.ritz,Jameson Ritz-Teixeira,TRUE
rachel.vezsenyi,Rachel Vezsenyi,TRUE
_brandon.kong,Brandon,TRUE
connorarnoldd,Connor Arnold,TRUE
abigail.taylor_,ğ’œğ’·ğ’¾ğ‘”ğ’¶ğ’¾ğ“,TRUE
musamargan,ğŸ‡¸ğŸ‡©XğŸ‡¸ğŸ‡¸,TRUE
khatab.alawsage,khatab alawsage,TRUE
flowmar_,ğ—¢ğ—ºğ—®ğ—¿ ğ—”ğ˜ğ˜„ğ—®,TRUE
aidencclare,Aiden Clare,TRUE
chloe.j3,Chloe Januszkiewicz,TRUE
owengreg44,Owen Gregory,TRUE
dimadakour,,TRUE
a.lanker,Ashton Lankowski,TRUE
dominikmichale,Dom,TRUE
tamarabrisevac,Ğ¢Ğ°Ğ¼Ğ°Ñ€Ğ° Ğ‘Ñ€Ğ¸ÑˆĞµĞ²Ğ°Ñ†,TRUE
alexandria.chuong,Allie,TRUE
reagan.a15,Reagan,TRUE
amari_hernandezz,Amari Hernandez,TRUE
abby.delaneyy,abbyğŸª´,TRUE
m.iluya,Manika Iluya,TRUE
eva_jichici,Eva Jichici,TRUE
danica.scharschmidt,daniâ˜†,TRUE
justiinkim,justin,TRUE
nathan.infanti,Nathan Infanti,TRUE
paulo___p,Paulo,TRUE
kyia.carnegie,kyia,TRUE
aetharmarhon,,TRUE
nchingandaa,nadine,TRUE
teollupu,teodora,TRUE
alexiasprivaatee,â¿Â°,TRUE
izabellakurbiel,IZABELLA KURBIEL,TRUE
adamexley,Adam,TRUE
sarahebyy,sarah â€,TRUE
justinmcmanus94,Justin McManus,TRUE
matt.onuska,Matt Onuska,TRUE
braeden_barnes,Braeden Barnes,TRUE
avarymccrea,ave,TRUE
sergohaile,áˆ°áˆ­áŒ â™¡,TRUE
ruairi_tiernan7,Ruairi,TRUE
emmalemeow,ğ“Š†à¾€à½²emğ“Š‡à¾€à½²,TRUE
emmamliske,Emma Marie Liske,TRUE
erikahainer,E ğŸ‘¸ğŸ¼âœ¨ğŸ¸â­ï¸,TRUE
allison_mccabe_,Allison McCabe,TRUE
samantha.h326,Samantha Halstead,TRUE
joe._.corman,Joe Corman,TRUE
ashley.pancsics,Ashley,TRUE
miaquangvann,M,TRUE
jessiemclaughlinn,jm ğŸ§¿,TRUE
daniel.khan10,Daniel Khan,TRUE
warden_logan,Wardo,TRUE
will.leather13,will,TRUE
satamiya1219,éˆ´éŸ³,TRUE
grace.manderson,gracie!,TRUE
tegan_morrison,TEGS,TRUE
scarlettdavv,,TRUE
holly_macgillivray,Holly,TRUE
fostermalleck,Foster Malleck,TRUE
kingfxbian,Fabian ğŸ§›ğŸ¿â€â™‚ï¸,TRUE
joey_mcintyre_2,Joey Mcintyre,TRUE
mason.schirm,Mas,TRUE
lou.freidel,Lou Freidel,TRUE
_lilysilver,Lily Silver,TRUE
sophieetruong,Sophie,TRUE
the_real_alicia_koropka,Alicia K,TRUE
nnoahwright,Noah Wright,TRUE
marcithescienceguy,Marcus Kanhai,TRUE
cambuck_,,TRUE
adamenderr,adam,TRUE
brianna_c.s,ğŸ,TRUE
emmanuella.asumang,Emmanuella Takyiwaa Asumang ğŸ‡¬ğŸ‡­,TRUE
katehiuser,k8,TRUE
_christinangu,christina nguyen,TRUE
ciarammorgan,ciara morgan,TRUE
jayden.mazza,jayden mazza,TRUE
niko.dostall,Dosty,TRUE
brandon.kenning,Brandon Kenning,TRUE
tanishallll,t,TRUE
emma.hindicki,Emma,TRUE
sarah__w__,sarah,TRUE
gabbie.beaulieu,gabbie :),TRUE
carolinephann,caroline,TRUE
emily_saragosa,Em <3,TRUE
katiecroutch,kt,TRUE
rui.silva11,Rui Silva,TRUE
nmhart,Nata,TRUE
juliabahar_,ğ’¿ğ“Šğ“ğ’¾ğ’¶â™¡,TRUE
katiezavitz,NovağŸ›¸,TRUE
eunsolseo_,eunsol ğŸ°,TRUE
liam.mcmahonn,Liam McMahon,TRUE
jayneybird101,Jayne Armatage,TRUE
kareemm1x,ğŸ‡®ğŸ‡¶,TRUE
faiz_ramji,Faiz Ramji,TRUE
busraycn,BÃ¼ÅŸra,TRUE
matthewper_,Matthew,TRUE
sky.fiolleau,Sky Fio,TRUE
_jadelan,Jade Marie,TRUE
josh_hamm__,Josh Hamm,TRUE
fastuniversity,Will Collins,TRUE
indiarodrigue,,TRUE
tanis.weber,Tanis Weber,TRUE
lola__bb,Lola,TRUE
zachriddell03,Zach Riddell,TRUE
david_wgc,David Cummings,TRUE
derekmilroy,derek,TRUE
finnnboyle,finn,TRUE
chanithi.bande,Chanithi Bandaranayake,TRUE
averyhastings,Avery Hastings,TRUE
gavinklemetsch,,TRUE
dajtinaa,Dajtina,TRUE
mateakopic,,TRUE
jaxson_mackay19,Jaxson,TRUE
aidansmiley._,Aidan Smiley,TRUE
andremoodley_,Andre Moodley,TRUE
izzybeaupre,Izzy BeauprÃ©,TRUE
kadence.mcdonald,kadence,TRUE
kyle.caetano,Kyle,TRUE
alivialewiss,liv ;)),TRUE
vi.mervyn,Vianne,TRUE
_katemillington,katelyn,TRUE
sarahschnarr_,Sarah Schnarr :),TRUE
_joywuol,joy,TRUE
madybrown_,mads,TRUE
emmaa_fitzgerald,Emma,TRUE
jaesohnm,Jaesohn,TRUE
ishaanbansall,Ishaan Bansal,TRUE
julia.twerd,julia twerd,TRUE
__harleengill__,harleen,TRUE
jacob.ferrara02,Jacob Ferrara,TRUE
meaghanmdevine,meaghan devine,TRUE
kimberly.kel,kim kellner,TRUE
aaliyahnorris_,Aaliyah Norris,TRUE
emilioabarcaa,Oilime,TRUE
emilyg23,Emily Godbout,TRUE
patriciaelizy,Patriciaâœï¸,TRUE
sydd.roosh,Sydney Routhier,TRUE
sk.markus,Markus,TRUE
leah.c33,Leah Crease,TRUE
angelinamalaythong,angieğŸ—¿,TRUE
bellaa.bairos,,TRUE
patty.tavara,patty tavara,TRUE
hailey.everingham,Hailey Everingham,TRUE
kygregoire,,TRUE
tinaaa.xuu,Tina Xu,TRUE
samntaylorr,sam taylor,TRUE
madigan.farry,madigan,TRUE
braydonlogel,Braydon Logel,TRUE
colleen.morton_,Colleen Morton,TRUE
sophiem.smith,soph,TRUE
delaney_scottt,delaneyğŸ’“,TRUE
juliaa.prince,Julia,TRUE
nattiethomas,Natalia,TRUE
rachel.rr_,Rachel,TRUE
ameer_alsaabari,Ameer Alsaabari,TRUE
aiden.geisel,Aiden Geisel,TRUE
emma_chirilenco,Emmanuela,TRUE
anthonycroutch,,TRUE
nyadora.j,Nyadora Jany,TRUE
_ashman,jacob ashman,TRUE
lamar.alii,Ù„Ù…Ø§Ø±,TRUE
_will.simpson,,TRUE
jordan_r77,Jordan Richardson,TRUE
olivia_bowmann,liv,TRUE
ruththang,ğ“¡ğ“¾ğ“½ğ“±,TRUE
lisatoma_,lisa,TRUE
kiki.wheeler,Kiki,TRUE
chelsea.cooper_,chelsea,TRUE
codyko,Cody Ko,TRUE
tierney.hocquard,t ğŸ«¶,TRUE
jjesseenglishh,,TRUE
tselotm,Tselot Matiwos,TRUE
qiana_englert,Qiana (Q) Englert,TRUE
layla.hashii,layla,TRUE
makaylatoffolo,Makayla Toffolo,TRUE
max.hearth,maxwell,TRUE
sophia.storer,â˜† sophia â˜†,TRUE
summerkohistani,,TRUE
o.scott2,O Scott,TRUE
tanner_yocom,Tanner Yocom,TRUE
kyle.reaker,Kyle Reaker,TRUE
carolineszawlowski,,TRUE
oliviaa.heron,liv,TRUE
maryella_sehl,Mary EllağŸ¤,TRUE
rowan.mahood,R0w4n,TRUE
faran.karam,,TRUE
garrettconway_,Garrett Conway,TRUE
lukaseslija_,Luka,TRUE
reaganshantz,reaganğŸŒ·,TRUE
kaitlynbanton,KAITLYN MAY,TRUE
_liamhatt,Liam hatt,TRUE
maddy.snofl,Maddy :),TRUE
sami_snofl,ğ–² ğ–  ğ–¬ ğ–¨,TRUE
jocelyngallo_,Jocelyn Grace Gallo,TRUE
sierra.philippi,Sierra Philippi,TRUE
tinaatamas,tina ğŸ«€ğŸˆâ€â¬›,TRUE
kaysiabharucha,Kaysia :),TRUE
hanna.tyc,Hanna,TRUE
maya._.ali,ğ‘€ğ’¶ğ“ğ’¶,TRUE
maddiebasler,maddie :),TRUE
alyssapearce_,Alyssa Pearce,TRUE
max_stratford,Max,TRUE
jailyn_ward,jailyn ward,TRUE
sam_lester3,Sam Lester,TRUE
johnnguyem,John,TRUE
kayla.stephenson8,Kay,TRUE
ashley.blazek_,,TRUE
patrick.benest,Pat,TRUE
hughes.jared_,Jared Hughes,TRUE
tylar_michael,Tylar â‹†ï½¡Ëš â˜ï¸ Ëšï½¡â‹†ï½¡,TRUE
mattgoodyear_,matt,TRUE
juliaa.hser,Julia Hser,TRUE
emiliogermann,Emilio,TRUE
sierravowels,Sierra Vowels,TRUE
naquile_,,TRUE
jenniferjang_,Jen á„’á…¡á„‹á…§á†« â˜»ï¸,TRUE
abby.weinstein,abby <3,TRUE
jennifer.jia,jennifer jia,TRUE
ight,Memes,TRUE
abbeysmithh_,abbey smith,TRUE
wesleyrich,Wesley Richardson,TRUE
jazz.vander,Jazz,TRUE
s0fiab4h4r,sofia â˜ºï¸â˜ºï¸,TRUE
gage.usiski,gage,TRUE
_zeyili,,TRUE
evanw3826,Evan Whalen,TRUE
jozef.m2,Jozef Magolon,TRUE
finn.aelish,finlay,TRUE
ahooraafraei,Ahoora A,TRUE
teaalucic,Tea Lucic â™¡,TRUE
lucydobbin_,Lucy Dobbin,TRUE
tijanaastojanovic_,tijana,TRUE
_jiwonkimm,jiwon kim,TRUE
justine_hayward,justineğŸ’«,TRUE
alexandra.slavcev,alex â™¡,TRUE
brendan.ribey,Brendan,TRUE
kaidenleee,Kaiden,TRUE
nugget,Nugget,TRUE
gabriela.friass,GabrielağŸ§¿,TRUE
ella.aldworth,Ella :),TRUE
isabelle_beaulieu_,Isabelle,TRUE
tandyncant,Tandyn Cantt,TRUE
jaiden.mcbain,jaibae,TRUE
livzurell,liv,TRUE
_nate_nunes,Nate,TRUE
ethan_otnip,Ethan DaSilva-Pinto,TRUE
andrewferrara22,,TRUE
alex.nicolescu,Alex Nicolescu,TRUE
malouakot_,,TRUE
domm.minic,Dominic ğŸ‡,TRUE
petorim,Peter Martin,TRUE
kristian_hatashita,,TRUE
rubydellaway,Ruby Dellaway,TRUE
abigail.angasu,abby,TRUE
alexfosse_,alex,TRUE
nosuccjustasian,win,TRUE
olivialang__,OliviağŸ¤,TRUE
alt.bassam,ğ˜½ğ™–ğ™¨ğ™¨ğ™–ğ™¢ ğ˜¼ğ™¡ ğ™ğ™–ğ™§ğ™šğ™¨ | â™›ã€Ø¨ÛØ³ÛØ§Ù…Ûã€â™›,TRUE
averycurran_,ave,TRUE
jadediaz_,,TRUE
_hannah.thomas_,hannahğŸ«¶,TRUE
sarahdreher,Sarah,TRUE
_tylerlocke,ğŸ‡¨ğŸ‡¦,TRUE
alekrevi,,TRUE
slesenciuc,,TRUE
mayha.jobanputra,may :),TRUE
chinny.s,Chinthana,TRUE
ried.henderson,,TRUE
aliyabrent,Aliya,TRUE
quaidaustin,Quaid,TRUE
maitreyi.patel,Maitreyi,TRUE
hughmckenna_,Hugh,TRUE
_piercemichael,Pierce Matanane,TRUE
will.mcintyre_4,Will McIntyre,TRUE
zachboose_3,Zach,TRUE
jess.brezina,Jess ğŸ”†,TRUE
nssaepha,,TRUE
519raey,,TRUE
jazzminegabert,Jazzmine Gabert,TRUE
rawan.saaad,ğŸ‡¨ğŸ‡¦ğŸ‡¦ğŸ‡ªğŸ‡ªğŸ‡¬,TRUE
sydneymclaughlin16,Sydney McLaughlin-Levrone,TRUE
kiona.bella,Ki,TRUE
stevan.stojcevic,Stevan Stojcevic,TRUE
nick.spasojevic,ĞĞ¸ĞºĞ¾Ğ»Ğ° Ğ¡Ğ¿Ğ°ÑĞ¾Ñ˜ĞµĞ²Ğ¸Ñ›,TRUE
sexy.towel,towel,TRUE
jsmina.u,,TRUE
milaa.dj,mila,TRUE
_megantaylorr,meg,TRUE
david55gou,David Gou,TRUE
benlemon03,Ben Lemon,TRUE
shelbyymikell,shelby,TRUE
aiden_macpherson,Aiden MacPherson,TRUE
zoe.tracybacon,Zoe,TRUE
jason.lingg,Jason Ling,TRUE
jiro.kakpovbia,Jiro,TRUE
chlo.nyx,Chloe Nyx,TRUE
nolan_hutton12,Nolan Hutton,TRUE
kellyraine79,,TRUE
aldouscormierr,Aldous,TRUE
apuroop.repalli23,Apuroop Repalli,TRUE
marcusliberakos,Marcus,TRUE
cocothejindo,Coconut,TRUE
alex.blit,,TRUE
ellathomas15,ella thomas,TRUE
samtses,sam,TRUE
carleemuellerr,Carlee Mueller,TRUE
tanner_w9,Tanner Wilson,TRUE
claireemimac,claire macmillan,TRUE
hayleyshackell,,TRUE
aishoo.nk,aishoo,TRUE
lucasdoyle_,Lucas Doyle,TRUE
addieorchard,addie,TRUE
sam_aana,Ø³Ù…Ø§Ù†Ù‡ Ø·ÛŒØ¨Ù‡ Ø§Ù†ÙˆØ± Samaana Anwar,TRUE
carmel.harveyyy,Carmel,TRUE
toriclemens,tori,TRUE
tijanaa07,,TRUE
mpmailletteee,Madelaine Maillette,TRUE
ammar_iooi,Ø§Ù…Ø§Ø±,TRUE
olivia_wideman,Liv,TRUE
keaton.schaefer,keaton,TRUE
jackiedent_,jackie dent,TRUE
ericjyu,Eric Yu,TRUE
zachg200414,Zach,TRUE
rachael_sun,rachael sun,TRUE
_dariusafrouzi,Darius,TRUE
jaiden_ev,jaiden,TRUE
_tinajang,tina á„‰á…¥á„‹á…§á†«,TRUE
tariqabdullah59,Tariq Abdullah,TRUE
aziahudson,Azia,TRUE
leilavafaei,Leila Vafaei,TRUE
marko.mandic04,Marko Mandic,TRUE
alexplazab,Alejandro PB,TRUE
keon.webb,KEON WEBB,TRUE
madiehutfloetz,madie,TRUE
zachriemens,Zach,TRUE
jovanaabanjac,ĞˆĞ¾Ğ²Ğ°Ğ½Ğ°,TRUE
zoebannon,Zoe Bannon,TRUE
jessicadiao,jessica,TRUE
dilarasamarakoon,dilara samarakoon,TRUE
joeymaillette,Joey Maillette,TRUE
alex.mcauliffe,Alex McAuliffe,TRUE
chloekonrad23,ğ“’ğ“±ğ“µğ“¸ğ“®,TRUE
mikaylaa.faith,Mikayla Crawford,TRUE
michellebrookss_,,TRUE
_gracehare,grace,TRUE
jack.legault_,Jack Legault,TRUE
kylerfrancis,,TRUE
christinaa.yangg,christina,TRUE
tt_pup,T,TRUE
joe.thxmpsxn,joseph thompson,TRUE
garreth.chapple,Garreth,TRUE
brendanchapple,Brendan Chapple,TRUE
alexpuncherrr,Alex,TRUE
yehya2x,2x,TRUE
aroonaftab,Aroona,TRUE
mariahhcrawford,mâ™’ï¸,TRUE
michaelmcphee_,Michael McPhee,TRUE
richard.w_144,richard,TRUE
mimi2050,Carol Noemi Santamaria,TRUE
isabella.mcpherson,isabella,TRUE
amy.pancsics,AmyğŸ¤,TRUE
saanenmiller,saanen miller!,TRUE
arya.patell,arya â€¢á´—â€¢,TRUE
ben.packull,Ben,TRUE
peterndrews,Peter,TRUE
tijanaspaam,Tijana Stojanovic,TRUE
nilaymodi_,Nilay Modi,TRUE
40kloose,LooseğŸ§Ÿâ€â™‚ï¸,TRUE
marten_pavlov21,M,TRUE
esther.chungg,esther | ë‘ê²½,TRUE
jai_.sidhu,Jai Sidhu,TRUE
ivaradovanovic_,Iva âœ¨,TRUE
daquan,Daquan,TRUE
landon_krysko04,Landon Krysko,TRUE
_eashal1283,EashalğŸ’›,TRUE
andy_reist,Andy Reist,TRUE
maia.dann,Maia âœ¨â˜ï¸ğŸ¸,TRUE
imsorryselah,princess,TRUE
scottbrackpooll,Scott,TRUE
mehreenc_,Mehreen Chaudary,TRUE
jax_ak,Jaxon,TRUE
nikhil_k_11,Nikhil Kaushal,TRUE
megie_boyle,Megan Boyle,TRUE
aliciakonopka,leesh konops,TRUE
_aleeza.k,AğŸ¦‹,TRUE
emily.mrakava,em,TRUE
alicekreinin,Ğ°Ğ»Ğ¸ÑĞ° ğŸ§¸,TRUE
_cartermurphy,Murph,TRUE
_zackmorden_,Zack Morden,TRUE
sarah_macgillivray,Sarah MacGillivray,TRUE
gavingilbert_,Gavin Gilbert,TRUE
mikannalk,Mik ğŸª©,TRUE
ameeelliiiia,mel,TRUE
rainbowmonkey2009,Amar'e,TRUE
lauraweilerrr,laura ğŸŒ¾,TRUE
alons0o,A,TRUE
tomasordonezg,[TÌŒğ• ğ•„à¸„Ñ•],TRUE
kalin_ald123,,TRUE
elai_mizrahi,elai mizrahi,TRUE
angelazielke,Ange :),TRUE
kylie__bates,,TRUE
closezad,Farzad,TRUE
naomiwillms,Naomi Willms,TRUE
desiree.fielding,ğ“­ğ“®ğ“¼ğ“²ğ“»ğ“®ğ“®.ğ“¯ğ“²ğ“®ğ“µğ“­ğ“²ğ“·ğ“°,TRUE
robbie_coffey,Robbie Coffey,TRUE
blythe.farrows,blythe ğŸ§ƒ,TRUE
katryna_crossett,Katryna,TRUE
margaret_rb_,Margaret R-B,TRUE
andybong_04,Andy Bong,TRUE
keiramatthews,Keira,TRUE
charvipatel_,charvi,TRUE
__tamarapopovic,tamara ğŸ«§ ğŸŒ·ğŸ’ŒğŸ«ğŸ¦€,TRUE
wynterlynnlee,Wynterlynn Lee,TRUE
_noamshalit_,Noam Shalit,TRUE
aidanjmerry,aidan,TRUE
magnuschang,Magnus Chang,TRUE
robbiecoffey_,Robbie Coffey,TRUE
leah_goulet,Leah Goulet,TRUE
gabrielkalmar,Gabe,TRUE
basilahmad,Basil,TRUE
aa_huracan,Amad Abdullah,TRUE
omasabdullah,Omas Abdullah,TRUE
santamerr,Maria Santamaria,TRUE
meeohh_,Shameel Abdullah,TRUE
_cassiezhang,cassie,TRUE
shivammodi_,Shivam Modi,TRUE
davicasetta,Davi Casetta,TRUE
ljiljanamedovarski,Ğ‰Ğ¸Ñ™Ğ°Ğ½Ğ° ĞœĞµĞ´Ğ¾Ğ²Ğ°Ñ€ÑĞºĞ¸,TRUE
li.winifred,,TRUE
finlay.megan,megan finlay,TRUE
colinhausser,ğŸ•¸ï¸colin,TRUE
matthewliberakos,ĞœĞ°Ñ‚Ğ¸Ñ˜Ğ° Ğ›Ğ¸Ğ±ĞµÑ€Ğ°ĞºĞ¾Ñ,TRUE
heatherorchardd,heather â™Œï¸,TRUE
tabeakrettenauer,tabea,TRUE
connor_legault44,Connor Legault,TRUE
hkelly16,hannah,TRUE
naroca.bb,Natasha,TRUE
connor_wolff,connor,TRUE
tyseer_2335,Tyseer Toufiq,TRUE
victor.zhan,Victor Zhan,TRUE
mattwahl_,Matt,TRUE
k.o.o.p,Ben,TRUE
guo.chenn,Guo Chen,TRUE
_sammytaylor,sam taylor,TRUE
jon.neekman,Jon Neekman,TRUE
djuro.nikolic,Djuro Nikolic,TRUE
